-- MySQL dump 10.13  Distrib 8.0.19, for Win64 (x86_64)
--
-- Host: localhost    Database: negozio_dataset
-- ------------------------------------------------------
-- Server version	8.0.42

/*!40101 SET @OLD_CHARACTER_SET_CLIENT=@@CHARACTER_SET_CLIENT */;
/*!40101 SET @OLD_CHARACTER_SET_RESULTS=@@CHARACTER_SET_RESULTS */;
/*!40101 SET @OLD_COLLATION_CONNECTION=@@COLLATION_CONNECTION */;
/*!50503 SET NAMES utf8mb4 */;
/*!40103 SET @OLD_TIME_ZONE=@@TIME_ZONE */;
/*!40103 SET TIME_ZONE='+00:00' */;
/*!40014 SET @OLD_UNIQUE_CHECKS=@@UNIQUE_CHECKS, UNIQUE_CHECKS=0 */;
/*!40014 SET @OLD_FOREIGN_KEY_CHECKS=@@FOREIGN_KEY_CHECKS, FOREIGN_KEY_CHECKS=0 */;
/*!40101 SET @OLD_SQL_MODE=@@SQL_MODE, SQL_MODE='NO_AUTO_VALUE_ON_ZERO' */;
/*!40111 SET @OLD_SQL_NOTES=@@SQL_NOTES, SQL_NOTES=0 */;

--
-- Table structure for table `fornitori`
--

DROP TABLE IF EXISTS `fornitori`;
/*!40101 SET @saved_cs_client     = @@character_set_client */;
/*!50503 SET character_set_client = utf8mb4 */;
CREATE TABLE `fornitori` (
  `id_Fornitore` int unsigned NOT NULL AUTO_INCREMENT,
  `nome` varchar(255) COLLATE utf8mb4_unicode_ci NOT NULL,
  `email` varchar(255) COLLATE utf8mb4_unicode_ci NOT NULL,
  `CoordinataX` float DEFAULT NULL,
  `CoordinataY` float DEFAULT NULL,
  PRIMARY KEY (`id_Fornitore`),
  UNIQUE KEY `uq_fornitori_email` (`email`),
  KEY `idx_fornitori_nome` (`nome`)
) ENGINE=InnoDB AUTO_INCREMENT=64 DEFAULT CHARSET=utf8mb4 COLLATE=utf8mb4_unicode_ci;
/*!40101 SET character_set_client = @saved_cs_client */;

--
-- Dumping data for table `fornitori`
--

LOCK TABLES `fornitori` WRITE;
/*!40000 ALTER TABLE `fornitori` DISABLE KEYS */;
INSERT INTO `fornitori` VALUES (1,'Fornitore 41 Torino S.r.l.','contatti.41@torino-supply.it',7.6848,45.0719),(2,'Fornitore 42 Genova S.r.l.','contatti.42@genova-supply.it',8.9427,44.4035),(3,'Fornitore 43 Venezia S.r.l.','contatti.43@venezia-supply.it',12.3133,45.4364),(4,'Fornitore 44 Bologna S.r.l.','contatti.44@bologna-supply.it',11.3449,44.4902),(5,'Fornitore 45 Firenze S.r.l.','contatti.45@firenze-supply.it',11.2591,43.7668),(6,'Fornitore 46 Roma S.r.l.','contatti.46@roma-supply.it',12.4994,41.9033),(7,'Fornitore 47 Napoli S.r.l.','contatti.47@napoli-supply.it',14.2704,40.8516),(8,'Fornitore 48 Bari S.r.l.','contatti.48@bari-supply.it',16.8744,41.1162),(9,'Fornitore 49 Palermo S.r.l.','contatti.49@palermo-supply.it',13.3577,38.1137),(10,'Fornitore 50 Milano S.r.l.','contatti.50@milano-supply.it',9.1875,45.4639),(11,'Fornitore 31 Torino S.r.l.','contatti.31@torino-supply.it',7.6871,45.0734),(12,'Fornitore 32 Genova S.r.l.','contatti.32@genova-supply.it',8.9486,44.401),(13,'Fornitore 33 Venezia S.r.l.','contatti.33@venezia-supply.it',12.3115,45.441),(14,'Fornitore 34 Bologna S.r.l.','contatti.34@bologna-supply.it',11.338,44.4928),(15,'Fornitore 35 Firenze S.r.l.','contatti.35@firenze-supply.it',11.2589,43.7692),(16,'Fornitore 36 Roma S.r.l.','contatti.36@roma-supply.it',12.4956,41.9017),(17,'Fornitore 37 Napoli S.r.l.','contatti.37@napoli-supply.it',14.268,40.849),(18,'Fornitore 38 Bari S.r.l.','contatti.38@bari-supply.it',16.8767,41.1194),(19,'Fornitore 39 Palermo S.r.l.','contatti.39@palermo-supply.it',13.3581,38.1155),(20,'Fornitore 40 Milano S.r.l.','contatti.40@milano-supply.it',9.1924,45.4618),(21,'Fornitore 21 Torino S.r.l.','contatti.21@torino-supply.it',7.6852,45.0737),(22,'Fornitore 22 Genova S.r.l.','contatti.22@genova-supply.it',8.9456,44.4028),(23,'Fornitore 23 Venezia S.r.l.','contatti.23@venezia-supply.it',12.3197,45.4426),(24,'Fornitore 24 Bologna S.r.l.','contatti.24@bologna-supply.it',11.3436,44.4977),(25,'Fornitore 25 Firenze S.r.l.','contatti.25@firenze-supply.it',11.2591,43.7688),(26,'Fornitore 26 Roma S.r.l.','contatti.26@roma-supply.it',12.5004,41.9043),(27,'Fornitore 27 Napoli S.r.l.','contatti.27@napoli-supply.it',14.2668,40.8514),(28,'Fornitore 28 Bari S.r.l.','contatti.28@bari-supply.it',16.8756,41.1133),(29,'Fornitore 29 Palermo S.r.l.','contatti.29@palermo-supply.it',13.3573,38.1182),(30,'Fornitore 30 Milano S.r.l.','contatti.30@milano-supply.it',9.1933,45.4614),(31,'Fornitore 11 Torino S.r.l.','contatti.11@torino-supply.it',7.6875,45.067),(32,'Fornitore 12 Genova S.r.l.','contatti.12@genova-supply.it',8.9477,44.4057),(33,'Fornitore 13 Venezia S.r.l.','contatti.13@venezia-supply.it',12.3164,45.4396),(34,'Fornitore 14 Bologna S.r.l.','contatti.14@bologna-supply.it',11.3406,44.4963),(35,'Fornitore 15 Firenze S.r.l.','contatti.15@firenze-supply.it',11.2543,43.765),(36,'Fornitore 16 Roma S.r.l.','contatti.16@roma-supply.it',12.4951,41.9033),(37,'Fornitore 17 Napoli S.r.l.','contatti.17@napoli-supply.it',14.2718,40.8515),(38,'Fornitore 18 Bari S.r.l.','contatti.18@bari-supply.it',16.8701,41.1152),(39,'Fornitore 19 Palermo S.r.l.','contatti.19@palermo-supply.it',13.3571,38.1206),(40,'Fornitore 20 Milano S.r.l.','contatti.20@milano-supply.it',9.1897,45.4672),(41,'Fornitore 01 Torino S.r.l.','contatti.01@torino-supply.it',7.6835,45.0721),(42,'Fornitore 02 Genova S.r.l.','contatti.02@genova-supply.it',8.9453,44.4041),(43,'Fornitore 03 Venezia S.r.l.','contatti.03@venezia-supply.it',12.3106,45.4424),(44,'Fornitore 04 Bologna S.r.l.','contatti.04@bologna-supply.it',11.338,44.4985),(45,'Fornitore 05 Firenze S.r.l.','contatti.05@firenze-supply.it',11.2518,43.7723),(46,'Fornitore 06 Roma S.r.l.','contatti.06@roma-supply.it',12.4931,41.9044),(47,'Fornitore 07 Napoli S.r.l.','contatti.07@napoli-supply.it',14.2731,40.8568),(48,'Fornitore 08 Bari S.r.l.','contatti.08@bari-supply.it',16.8671,41.1122),(49,'Fornitore 09 Palermo S.r.l.','contatti.09@palermo-supply.it',13.3629,38.1186),(50,'Fornitore 10 Milano S.r.l.','contatti.10@milano-supply.it',9.1924,45.4658);
/*!40000 ALTER TABLE `fornitori` ENABLE KEYS */;
UNLOCK TABLES;

--
-- Table structure for table `prodotti_fornitori`
--

DROP TABLE IF EXISTS `prodotti_fornitori`;
/*!40101 SET @saved_cs_client     = @@character_set_client */;
/*!50503 SET character_set_client = utf8mb4 */;
CREATE TABLE `prodotti_fornitori` (
  `id_Fornitore` int unsigned NOT NULL,
  `id_Prodotto` int unsigned NOT NULL,
  `Prezzo_Acquisto` float NOT NULL,
  `pezzi_Disponibili` int unsigned NOT NULL DEFAULT '0',
  PRIMARY KEY (`id_Fornitore`,`id_Prodotto`),
  KEY `idx_pf_prodotto` (`id_Prodotto`),
  CONSTRAINT `fk_pf_fornitore` FOREIGN KEY (`id_Fornitore`) REFERENCES `fornitori` (`id_Fornitore`) ON DELETE CASCADE ON UPDATE RESTRICT,
  CONSTRAINT `fk_pf_prodotto` FOREIGN KEY (`id_Prodotto`) REFERENCES `prodotti_magazzino` (`id_Prodotto`) ON DELETE CASCADE ON UPDATE RESTRICT,
  CONSTRAINT `prodotti_fornitori_chk_1` CHECK ((`Prezzo_Acquisto` >= 0)),
  CONSTRAINT `prodotti_fornitori_chk_2` CHECK ((`pezzi_Disponibili` >= 0))
) ENGINE=InnoDB DEFAULT CHARSET=utf8mb4 COLLATE=utf8mb4_unicode_ci;
/*!40101 SET character_set_client = @saved_cs_client */;

--
-- Dumping data for table `prodotti_fornitori`
--

LOCK TABLES `prodotti_fornitori` WRITE;
/*!40000 ALTER TABLE `prodotti_fornitori` DISABLE KEYS */;
INSERT INTO `prodotti_fornitori` VALUES (1,1,2.98,410),(1,17,3.59,1322),(1,34,1.79,378),(1,51,0.49,685),(1,67,1.18,1488),(1,84,1.7,234),(1,101,2.98,1733),(1,117,3.59,353),(1,134,1.79,1380),(1,151,0.49,1069),(1,167,1.18,632),(1,184,1.7,1622),(2,17,3.95,1091),(2,34,1.95,977),(2,50,0.41,1431),(2,67,1.29,1159),(2,84,1.85,1179),(2,100,1,586),(2,117,3.95,1440),(2,134,1.95,458),(2,150,0.41,1475),(2,167,1.29,882),(2,184,1.85,1028),(2,200,1,699),(3,17,4.3,539),(3,33,0.65,1415),(3,50,0.45,1134),(3,67,1.41,1741),(3,83,1.18,1925),(3,100,1.09,1682),(3,117,4.3,626),(3,133,0.65,235),(3,150,0.45,916),(3,167,1.41,1714),(3,183,1.18,353),(3,200,1.09,746),(4,16,2.07,1538),(4,33,0.72,1007),(4,50,0.49,1885),(4,66,0.61,586),(4,83,1.29,484),(4,100,1.19,580),(4,116,2.07,1949),(4,133,0.72,1563),(4,150,0.49,1929),(4,166,0.61,1260),(4,183,1.29,938),(4,200,1.19,452),(5,16,2.28,1058),(5,33,0.78,279),(5,49,1.88,813),(5,66,0.67,1615),(5,83,1.41,1111),(5,99,0.37,1117),(5,116,2.28,1548),(5,133,0.78,591),(5,149,1.88,986),(5,166,0.67,1889),(5,183,1.41,1283),(5,199,0.37,1775),(6,16,2.48,1104),(6,32,0.97,1153),(6,49,2.06,1662),(6,66,0.73,1607),(6,82,0.87,883),(6,99,0.4,448),(6,116,2.48,1539),(6,132,0.97,238),(6,149,2.06,280),(6,166,0.73,1940),(6,182,0.87,1383),(6,199,0.4,722),(7,15,0.93,1806),(7,32,1.06,1122),(7,49,2.24,308),(7,65,1.77,362),(7,82,0.95,1622),(7,99,0.44,379),(7,115,0.93,1136),(7,132,1.06,1125),(7,149,2.24,268),(7,165,1.77,1619),(7,182,0.95,1525),(7,199,0.44,1114),(8,15,1.02,322),(8,32,1.16,1400),(8,48,0.99,1633),(8,65,1.94,594),(8,82,1.04,1452),(8,98,1.11,409),(8,115,1.02,1675),(8,132,1.16,1346),(8,148,0.99,241),(8,165,1.94,1308),(8,182,1.04,1264),(8,198,1.11,709),(9,15,1.11,956),(9,31,0.61,1690),(9,48,1.09,938),(9,65,2.12,1795),(9,81,2.18,1250),(9,98,1.22,1162),(9,115,1.11,1886),(9,131,0.61,1499),(9,148,1.09,1015),(9,165,2.12,1143),(9,181,2.18,1167),(9,198,1.22,1900),(10,14,1.32,849),(10,31,0.67,719),(10,48,1.19,248),(10,64,1.75,1758),(10,81,2.4,1049),(10,98,1.33,1874),(10,114,1.32,320),(10,131,0.67,1589),(10,148,1.19,1870),(10,164,1.75,1765),(10,181,2.4,512),(10,198,1.33,1081),(11,14,1.45,1479),(11,31,0.73,1171),(11,47,0.87,1057),(11,64,1.92,568),(11,81,2.61,1057),(11,97,3.8,1232),(11,114,1.45,610),(11,131,0.73,1616),(11,147,0.87,331),(11,164,1.92,1011),(11,181,2.61,1854),(11,197,3.8,1249),(12,14,1.58,904),(12,30,0.61,929),(12,47,0.95,1768),(12,64,2.1,1169),(12,80,0.7,1512),(12,97,4.17,1470),(12,114,1.58,1600),(12,130,0.61,1986),(12,147,0.95,540),(12,164,2.1,1844),(12,180,0.7,878),(12,197,4.17,1867),(13,13,0.86,491),(13,30,0.67,1318),(13,47,1.04,1232),(13,63,0.87,690),(13,80,0.76,868),(13,97,4.55,619),(13,113,0.86,1490),(13,130,0.67,652),(13,147,1.04,1555),(13,163,0.87,451),(13,180,0.76,602),(13,197,4.55,1284),(14,13,0.94,1360),(14,30,0.73,981),(14,46,0.81,301),(14,63,0.96,1850),(14,80,0.83,1890),(14,96,1.76,1759),(14,113,0.94,542),(14,130,0.73,1898),(14,146,0.81,813),(14,163,0.96,1948),(14,180,0.83,1360),(14,196,1.76,400),(15,13,1.03,1746),(15,29,1.57,1826),(15,46,0.9,1261),(15,63,1.04,1506),(15,79,0.57,304),(15,96,1.94,1610),(15,113,1.03,1192),(15,129,1.57,789),(15,146,0.9,709),(15,163,1.04,1336),(15,179,0.57,624),(15,196,1.94,1469),(16,12,0.66,1880),(16,29,1.72,901),(16,46,0.98,1944),(16,62,1.07,432),(16,79,0.63,1238),(16,96,2.11,1701),(16,112,0.66,1643),(16,129,1.72,1571),(16,146,0.98,935),(16,162,1.07,737),(16,179,0.63,1412),(16,196,2.11,214),(17,12,0.72,633),(17,29,1.87,518),(17,45,1.46,668),(17,62,1.18,1215),(17,79,0.68,1036),(17,95,1.13,1234),(17,112,0.72,946),(17,129,1.87,1603),(17,145,1.46,982),(17,162,1.18,874),(17,179,0.68,1307),(17,195,1.13,1380),(18,12,0.79,216),(18,28,1.19,338),(18,45,1.6,863),(18,62,1.28,1650),(18,78,0.8,1515),(18,95,1.24,1850),(18,112,0.79,996),(18,128,1.19,750),(18,145,1.6,1707),(18,162,1.28,854),(18,178,0.8,1203),(18,195,1.24,1620),(19,11,0.81,426),(19,28,1.31,837),(19,45,1.75,958),(19,61,2.39,782),(19,78,0.88,1025),(19,95,1.36,1785),(19,111,0.81,1694),(19,128,1.31,1973),(19,145,1.75,1713),(19,161,2.39,893),(19,178,0.88,1550),(19,195,1.36,1642),(20,11,0.89,1809),(20,28,1.43,1233),(20,44,1.95,1101),(20,61,2.62,736),(20,78,0.96,1829),(20,94,1.53,433),(20,111,0.89,232),(20,128,1.43,796),(20,144,1.95,290),(20,161,2.62,1795),(20,178,0.96,837),(20,194,1.53,1842),(21,11,0.97,1570),(21,27,1.08,1678),(21,44,2.14,983),(21,61,2.85,997),(21,77,4,673),(21,94,1.68,1500),(21,111,0.97,1885),(21,127,1.08,1303),(21,144,2.14,1264),(21,161,2.85,1969),(21,177,4,666),(21,194,1.68,1695),(22,10,0.31,624),(22,27,1.18,883),(22,44,2.34,470),(22,60,0.9,1007),(22,77,4.39,716),(22,94,1.82,582),(22,110,0.31,1222),(22,127,1.18,1178),(22,144,2.34,475),(22,160,0.9,679),(22,177,4.39,1568),(22,194,1.82,1071),(23,10,0.34,457),(23,27,1.28,1515),(23,43,1.08,1573),(23,60,0.98,1402),(23,77,4.79,1300),(23,93,0.55,1938),(23,110,0.34,1246),(23,127,1.28,239),(23,143,1.08,236),(23,160,0.98,1204),(23,177,4.79,633),(23,193,0.55,771),(24,10,0.37,1238),(24,26,0.51,1425),(24,43,1.18,729),(24,60,1.07,667),(24,76,1.97,1462),(24,93,0.61,929),(24,110,0.37,508),(24,126,0.51,1481),(24,143,1.18,937),(24,160,1.07,1976),(24,176,1.97,215),(24,193,0.61,1701),(25,9,1.77,1721),(25,26,0.56,245),(25,43,1.29,1559),(25,59,0.26,1706),(25,76,2.16,1890),(25,93,0.66,1872),(25,109,1.77,847),(25,126,0.56,1805),(25,143,1.29,214),(25,159,0.26,355),(25,176,2.16,668),(25,193,0.66,593),(26,9,1.95,354),(26,26,0.61,1817),(26,42,0.77,473),(26,59,0.29,1058),(26,76,2.35,1518),(26,92,0.87,1356),(26,109,1.95,287),(26,126,0.61,1997),(26,142,0.77,1364),(26,159,0.29,1923),(26,176,2.35,387),(26,192,0.87,1429),(27,9,2.12,563),(27,25,1.67,730),(27,42,0.84,1745),(27,59,0.32,1487),(27,75,0.83,1526),(27,92,0.95,1699),(27,109,2.12,502),(27,125,1.67,984),(27,142,0.84,1814),(27,159,0.32,1925),(27,175,0.83,1352),(27,192,0.95,943),(28,8,0.89,1796),(28,25,1.83,315),(28,42,0.92,1561),(28,58,1.01,970),(28,75,0.91,1157),(28,92,1.03,1511),(28,108,0.89,1646),(28,125,1.83,479),(28,142,0.92,1675),(28,158,1.01,1080),(28,175,0.91,865),(28,192,1.03,696),(29,8,0.98,1979),(29,25,1.99,1735),(29,41,2.59,236),(29,58,1.11,1808),(29,75,0.99,937),(29,91,0.51,1085),(29,108,0.98,835),(29,125,1.99,1944),(29,141,2.59,1706),(29,158,1.11,1098),(29,175,0.99,1112),(29,191,0.51,1886),(30,8,1.06,1518),(30,24,1.65,952),(30,41,2.84,647),(30,58,1.21,1434),(30,74,1.73,1824),(30,91,0.56,488),(30,108,1.06,1634),(30,124,1.65,670),(30,141,2.84,1152),(30,158,1.21,500),(30,174,1.73,1377),(30,191,0.56,603),(31,7,1.28,1727),(31,24,1.81,986),(31,41,3.1,285),(31,57,3.7,1981),(31,74,1.9,1006),(31,91,0.61,434),(31,107,1.28,438),(31,124,1.81,1581),(31,141,3.1,1211),(31,157,3.7,491),(31,174,1.9,1275),(31,191,0.61,1915),(32,7,1.41,222),(32,24,1.98,1555),(32,40,1.1,311),(32,57,4.06,1447),(32,74,2.07,1653),(32,90,0.51,994),(32,107,1.41,1809),(32,124,1.98,597),(32,140,1.1,1642),(32,157,4.06,1168),(32,174,2.07,385),(32,190,0.51,267),(33,7,1.53,1406),(33,23,0.77,285),(33,40,1.2,471),(33,57,4.43,849),(33,73,0.75,580),(33,90,0.56,782),(33,107,1.53,1041),(33,123,0.77,525),(33,140,1.2,1403),(33,157,4.43,352),(33,173,0.75,402),(33,190,0.56,336),(34,6,0.71,1586),(34,23,0.84,1045),(34,40,1.31,906),(34,56,1.66,1819),(34,73,0.83,1324),(34,90,0.61,1376),(34,106,0.71,474),(34,123,0.84,1709),(34,140,1.31,267),(34,156,1.66,991),(34,173,0.83,1538),(34,190,0.61,698),(35,6,0.78,1623),(35,23,0.92,665),(35,39,0.47,949),(35,56,1.82,962),(35,73,0.9,616),(35,89,1.46,1428),(35,106,0.78,1586),(35,123,0.92,1053),(35,139,0.47,1359),(35,156,1.82,1927),(35,173,0.9,594),(35,189,1.46,1934),(36,6,0.85,1598),(36,22,0.97,726),(36,39,0.51,1665),(36,56,1.98,1217),(36,72,0.56,1647),(36,89,1.6,1088),(36,106,0.85,1957),(36,122,0.97,407),(36,139,0.51,1524),(36,156,1.98,1757),(36,172,0.56,1044),(36,189,1.6,1329),(37,5,1.36,1205),(37,22,1.07,1035),(37,39,0.56,1312),(37,55,1.03,669),(37,72,0.61,1041),(37,89,1.75,1081),(37,105,1.36,1187),(37,122,1.07,1978),(37,139,0.56,1618),(37,155,1.03,1942),(37,172,0.61,1793),(37,189,1.75,1751),(38,5,1.49,238),(38,22,1.16,1327),(38,38,0.7,544),(38,55,1.13,848),(38,72,0.67,1478),(38,88,1.09,245),(38,105,1.49,1438),(38,122,1.16,380),(38,138,0.7,1426),(38,155,1.13,1906),(38,172,0.67,1807),(38,188,1.09,1225),(39,5,1.62,801),(39,21,2.28,1689),(39,38,0.77,1711),(39,55,1.23,1259),(39,71,0.71,578),(39,88,1.2,354),(39,105,1.62,1285),(39,121,2.28,783),(39,138,0.77,1204),(39,155,1.23,459),(39,171,0.71,271),(39,188,1.2,235),(40,4,1.85,1665),(40,21,2.51,1058),(40,38,0.83,702),(40,54,1.42,1109),(40,71,0.78,944),(40,88,1.31,1494),(40,104,1.85,1824),(40,121,2.51,1557),(40,138,0.83,455),(40,154,1.42,1825),(40,171,0.78,1785),(40,188,1.31,1613),(41,4,2.03,1021),(41,21,2.73,1480),(41,37,3.9,574),(41,54,1.56,1547),(41,71,0.85,1251),(41,87,0.97,786),(41,104,2.03,597),(41,121,2.73,1522),(41,137,3.9,1368),(41,154,1.56,1466),(41,171,0.85,236),(41,187,0.97,1186),(42,4,2.22,381),(42,20,0.8,818),(42,37,4.28,1200),(42,54,1.7,1016),(42,70,0.71,1172),(42,87,1.07,1380),(42,104,2.22,1589),(42,120,0.8,1992),(42,137,4.28,599),(42,154,1.7,691),(42,170,0.71,1403),(42,187,1.07,671),(43,3,0.97,929),(43,20,0.87,574),(43,37,4.67,1818),(43,53,0.96,613),(43,70,0.78,1151),(43,87,1.16,547),(43,103,0.97,1142),(43,120,0.87,514),(43,137,4.67,1479),(43,153,0.96,1101),(43,170,0.78,1567),(43,187,1.16,1875),(44,3,1.07,1535),(44,20,0.95,1642),(44,36,1.87,1753),(44,53,1.05,1113),(44,70,0.85,796),(44,86,0.92,1187),(44,103,1.07,1266),(44,120,0.95,1332),(44,136,1.87,200),(44,153,1.05,1482),(44,170,0.85,950),(44,186,0.92,1043),(45,3,1.16,1850),(45,19,0.67,1771),(45,36,2.05,1021),(45,53,1.15,1515),(45,69,1.67,378),(45,86,1.01,421),(45,103,1.16,495),(45,119,0.67,270),(45,136,2.05,853),(45,153,1.15,363),(45,169,1.67,352),(45,186,1.01,1952),(46,2,0.67,1130),(46,19,0.74,673),(46,36,2.23,444),(46,52,0.76,1542),(46,69,1.83,935),(46,86,1.1,1997),(46,102,0.67,1870),(46,119,0.74,1447),(46,136,2.23,729),(46,152,0.76,1881),(46,169,1.83,740),(46,186,1.1,349),(47,2,0.73,1415),(47,19,0.8,939),(47,35,0.73,1827),(47,52,0.84,1785),(47,69,1.99,687),(47,85,1.57,694),(47,102,0.73,1673),(47,119,0.8,1660),(47,135,0.73,1783),(47,152,0.84,782),(47,169,1.99,557),(47,185,1.57,744),(48,2,0.8,949),(48,18,0.91,1224),(48,35,0.8,1860),(48,52,0.91,1539),(48,68,0.79,247),(48,85,1.72,693),(48,102,0.8,1769),(48,118,0.91,479),(48,135,0.8,1607),(48,152,0.91,613),(48,168,0.79,558),(48,185,1.72,824),(49,1,2.49,1385),(49,18,0.99,1670),(49,35,0.87,1875),(49,51,0.41,1683),(49,68,0.86,353),(49,85,1.87,1056),(49,101,2.49,1040),(49,118,0.99,1977),(49,135,0.87,1699),(49,151,0.41,1298),(49,168,0.86,1333),(49,185,1.87,1242),(50,1,2.73,698),(50,18,1.08,1288),(50,34,1.63,724),(50,51,0.45,1065),(50,68,0.94,777),(50,84,1.55,612),(50,101,2.73,1879),(50,118,1.08,1339),(50,134,1.63,1113),(50,151,0.45,996),(50,168,0.94,208),(50,184,1.55,1101);
/*!40000 ALTER TABLE `prodotti_fornitori` ENABLE KEYS */;
UNLOCK TABLES;

--
-- Table structure for table `prodotti_magazzino`
--

DROP TABLE IF EXISTS `prodotti_magazzino`;
/*!40101 SET @saved_cs_client     = @@character_set_client */;
/*!50503 SET character_set_client = utf8mb4 */;
CREATE TABLE `prodotti_magazzino` (
  `id_Prodotto` int unsigned NOT NULL AUTO_INCREMENT,
  `nome` varchar(255) COLLATE utf8mb4_unicode_ci NOT NULL,
  `descrizione` varchar(255) COLLATE utf8mb4_unicode_ci DEFAULT NULL,
  `prezzo_Vendita` float NOT NULL,
  `disponibilita` int unsigned NOT NULL DEFAULT '0',
  PRIMARY KEY (`id_Prodotto`),
  KEY `idx_prodotti_nome` (`nome`),
  CONSTRAINT `prodotti_magazzino_chk_1` CHECK ((`prezzo_Vendita` >= 0)),
  CONSTRAINT `prodotti_magazzino_chk_2` CHECK ((`disponibilita` >= 0))
) ENGINE=InnoDB AUTO_INCREMENT=256 DEFAULT CHARSET=utf8mb4 COLLATE=utf8mb4_unicode_ci;
/*!40101 SET character_set_client = @saved_cs_client */;

--
-- Dumping data for table `prodotti_magazzino`
--

LOCK TABLES `prodotti_magazzino` WRITE;
/*!40000 ALTER TABLE `prodotti_magazzino` DISABLE KEYS */;
INSERT INTO `prodotti_magazzino` VALUES (1,'Tonno in scatola 3x80g - Marca B #091','Prodotto scatolame; lotto standard; origine IT/EU',4.87,279),(2,'Passata di pomodoro 700g - Marca C #092','Prodotto conserve; lotto standard; origine IT/EU',1.33,613),(3,'Detersivo piatti 1L - Marca D #093','Prodotto cura casa; lotto standard; origine IT/EU',1.9,43),(4,'Shampoo 400ml - Marca E #094','Prodotto cura persona; lotto standard; origine IT/EU',3.67,656),(5,'Carta igienica 4 rotoli - Marca A #095','Prodotto carta; lotto standard; origine IT/EU',2.64,998),(6,'Farina 1kg - Marca B #096','Prodotto drogheria; lotto standard; origine IT/EU',1.41,868),(7,'Cioccolato fondente 100g - Marca C #097','Prodotto dolci; lotto standard; origine IT/EU',2.48,666),(8,'Patatine classiche 150g - Marca D #098','Prodotto snack; lotto standard; origine IT/EU',1.75,115),(9,'Marmellata di albicocche 350g - Marca E #099','Prodotto confetture; lotto standard; origine IT/EU',3.42,29),(10,'Acqua naturale 1L - Marca A #100','Prodotto bevande; lotto standard; origine IT/EU',0.6,754),(11,'Acqua frizzante 1L - Marca B #081','Prodotto bevande; lotto standard; origine IT/EU',1.62,150),(12,'Pasta Fusilli 500g - Marca C #082','Prodotto pasta; lotto standard; origine IT/EU',1.29,956),(13,'Pasta Spaghetti 500g - Marca D #083','Prodotto pasta; lotto standard; origine IT/EU',1.7,66),(14,'Riso Carnaroli 1kg - Marca E #084','Prodotto riso; lotto standard; origine IT/EU',2.57,433),(15,'Biscotti frollini 250g - Marca A #085','Prodotto biscotti; lotto standard; origine IT/EU',1.84,655),(16,'Caffè macinato 250g - Marca B #086','Prodotto caffe; lotto standard; origine IT/EU',4.02,429),(17,'Olio extravergine 1L - Marca C #087','Prodotto olio; lotto standard; origine IT/EU',7.09,627),(18,'Zucchero 1kg - Marca D #088','Prodotto drogheria; lotto standard; origine IT/EU',1.75,786),(19,'Sale fino 1kg - Marca E #089','Prodotto drogheria; lotto standard; origine IT/EU',1.32,4),(20,'Latte UHT 1L - Marca A #090','Prodotto latticini; lotto standard; origine IT/EU',1.59,913),(21,'Tonno in scatola 3x80g - Marca B #071','Prodotto scatolame; lotto standard; origine IT/EU',4.47,841),(22,'Passata di pomodoro 700g - Marca C #072','Prodotto conserve; lotto standard; origine IT/EU',1.93,43),(23,'Detersivo piatti 1L - Marca D #073','Prodotto cura casa; lotto standard; origine IT/EU',1.5,61),(24,'Shampoo 400ml - Marca E #074','Prodotto cura persona; lotto standard; origine IT/EU',3.27,614),(25,'Carta igienica 4 rotoli - Marca A #075','Prodotto carta; lotto standard; origine IT/EU',3.24,864),(26,'Farina 1kg - Marca B #076','Prodotto drogheria; lotto standard; origine IT/EU',1.01,714),(27,'Cioccolato fondente 100g - Marca C #077','Prodotto dolci; lotto standard; origine IT/EU',2.08,140),(28,'Patatine classiche 150g - Marca D #078','Prodotto snack; lotto standard; origine IT/EU',2.35,293),(29,'Marmellata di albicocche 350g - Marca E #079','Prodotto confetture; lotto standard; origine IT/EU',3.02,411),(30,'Acqua naturale 1L - Marca A #080','Prodotto bevande; lotto standard; origine IT/EU',1.2,624),(31,'Acqua frizzante 1L - Marca B #061','Prodotto bevande; lotto standard; origine IT/EU',1.22,280),(32,'Pasta Fusilli 500g - Marca C #062','Prodotto pasta; lotto standard; origine IT/EU',1.89,338),(33,'Pasta Spaghetti 500g - Marca D #063','Prodotto pasta; lotto standard; origine IT/EU',1.3,196),(34,'Riso Carnaroli 1kg - Marca E #064','Prodotto riso; lotto standard; origine IT/EU',3.17,615),(35,'Biscotti frollini 250g - Marca A #065','Prodotto biscotti; lotto standard; origine IT/EU',1.44,233),(36,'Caffè macinato 250g - Marca B #066','Prodotto caffe; lotto standard; origine IT/EU',3.62,83),(37,'Olio extravergine 1L - Marca C #067','Prodotto olio; lotto standard; origine IT/EU',7.69,357),(38,'Zucchero 1kg - Marca D #068','Prodotto drogheria; lotto standard; origine IT/EU',1.35,564),(39,'Sale fino 1kg - Marca E #069','Prodotto drogheria; lotto standard; origine IT/EU',0.92,898),(40,'Latte UHT 1L - Marca A #070','Prodotto latticini; lotto standard; origine IT/EU',2.19,239),(41,'Tonno in scatola 3x80g - Marca B #051','Prodotto scatolame; lotto standard; origine IT/EU',5.07,939),(42,'Passata di pomodoro 700g - Marca C #052','Prodotto conserve; lotto standard; origine IT/EU',1.53,249),(43,'Detersivo piatti 1L - Marca D #053','Prodotto cura casa; lotto standard; origine IT/EU',2.1,143),(44,'Shampoo 400ml - Marca E #054','Prodotto cura persona; lotto standard; origine IT/EU',3.87,188),(45,'Carta igienica 4 rotoli - Marca A #055','Prodotto carta; lotto standard; origine IT/EU',2.84,186),(46,'Farina 1kg - Marca B #056','Prodotto drogheria; lotto standard; origine IT/EU',1.61,608),(47,'Cioccolato fondente 100g - Marca C #057','Prodotto dolci; lotto standard; origine IT/EU',1.68,606),(48,'Patatine classiche 150g - Marca D #058','Prodotto snack; lotto standard; origine IT/EU',1.95,383),(49,'Marmellata di albicocche 350g - Marca E #059','Prodotto confetture; lotto standard; origine IT/EU',3.62,377),(50,'Acqua naturale 1L - Marca A #060','Prodotto bevande; lotto standard; origine IT/EU',0.8,318),(51,'Acqua frizzante 1L - Marca B #041','Prodotto bevande; lotto standard; origine IT/EU',0.82,858),(52,'Pasta Fusilli 500g - Marca C #042','Prodotto pasta; lotto standard; origine IT/EU',1.49,848),(53,'Pasta Spaghetti 500g - Marca D #043','Prodotto pasta; lotto standard; origine IT/EU',1.9,278),(54,'Riso Carnaroli 1kg - Marca E #044','Prodotto riso; lotto standard; origine IT/EU',2.77,13),(55,'Biscotti frollini 250g - Marca A #045','Prodotto biscotti; lotto standard; origine IT/EU',2.04,35),(56,'Caffè macinato 250g - Marca B #046','Prodotto caffe; lotto standard; origine IT/EU',3.22,281),(57,'Olio extravergine 1L - Marca C #047','Prodotto olio; lotto standard; origine IT/EU',7.29,823),(58,'Zucchero 1kg - Marca D #048','Prodotto drogheria; lotto standard; origine IT/EU',1.95,886),(59,'Sale fino 1kg - Marca E #049','Prodotto drogheria; lotto standard; origine IT/EU',0.52,328),(60,'Latte UHT 1L - Marca A #050','Prodotto latticini; lotto standard; origine IT/EU',1.79,893),(61,'Tonno in scatola 3x80g - Marca B #031','Prodotto scatolame; lotto standard; origine IT/EU',4.67,549),(62,'Passata di pomodoro 700g - Marca C #032','Prodotto conserve; lotto standard; origine IT/EU',2.13,431),(63,'Detersivo piatti 1L - Marca D #033','Prodotto cura casa; lotto standard; origine IT/EU',1.7,929),(64,'Shampoo 400ml - Marca E #034','Prodotto cura persona; lotto standard; origine IT/EU',3.47,402),(65,'Carta igienica 4 rotoli - Marca A #035','Prodotto carta; lotto standard; origine IT/EU',3.44,204),(66,'Farina 1kg - Marca B #036','Prodotto drogheria; lotto standard; origine IT/EU',1.21,350),(67,'Cioccolato fondente 100g - Marca C #037','Prodotto dolci; lotto standard; origine IT/EU',2.28,224),(68,'Patatine classiche 150g - Marca D #038','Prodotto snack; lotto standard; origine IT/EU',1.55,249),(69,'Marmellata di albicocche 350g - Marca E #039','Prodotto confetture; lotto standard; origine IT/EU',3.22,343),(70,'Acqua naturale 1L - Marca A #040','Prodotto bevande; lotto standard; origine IT/EU',1.4,796),(71,'Acqua frizzante 1L - Marca B #021','Prodotto bevande; lotto standard; origine IT/EU',1.42,900),(72,'Pasta Fusilli 500g - Marca C #022','Prodotto pasta; lotto standard; origine IT/EU',1.09,814),(73,'Pasta Spaghetti 500g - Marca D #023','Prodotto pasta; lotto standard; origine IT/EU',1.5,152),(74,'Riso Carnaroli 1kg - Marca E #024','Prodotto riso; lotto standard; origine IT/EU',3.37,467),(75,'Biscotti frollini 250g - Marca A #025','Prodotto biscotti; lotto standard; origine IT/EU',1.64,637),(76,'Caffè macinato 250g - Marca B #026','Prodotto caffe; lotto standard; origine IT/EU',3.82,655),(77,'Olio extravergine 1L - Marca C #027','Prodotto olio; lotto standard; origine IT/EU',7.89,377),(78,'Zucchero 1kg - Marca D #028','Prodotto drogheria; lotto standard; origine IT/EU',1.55,584),(79,'Sale fino 1kg - Marca E #029','Prodotto drogheria; lotto standard; origine IT/EU',1.12,894),(80,'Latte UHT 1L - Marca A #030','Prodotto latticini; lotto standard; origine IT/EU',1.39,427),(81,'Tonno in scatola 3x80g - Marca B #011','Prodotto scatolame; lotto standard; origine IT/EU',4.27,831),(82,'Passata di pomodoro 700g - Marca C #012','Prodotto conserve; lotto standard; origine IT/EU',1.73,285),(83,'Detersivo piatti 1L - Marca D #013','Prodotto cura casa; lotto standard; origine IT/EU',2.3,435),(84,'Shampoo 400ml - Marca E #014','Prodotto cura persona; lotto standard; origine IT/EU',3.07,368),(85,'Carta igienica 4 rotoli - Marca A #015','Prodotto carta; lotto standard; origine IT/EU',3.04,990),(86,'Farina 1kg - Marca B #016','Prodotto drogheria; lotto standard; origine IT/EU',1.81,244),(87,'Cioccolato fondente 100g - Marca C #017','Prodotto dolci; lotto standard; origine IT/EU',1.88,618),(88,'Patatine classiche 150g - Marca D #018','Prodotto snack; lotto standard; origine IT/EU',2.15,299),(89,'Marmellata di albicocche 350g - Marca E #019','Prodotto confetture; lotto standard; origine IT/EU',2.82,493),(90,'Acqua naturale 1L - Marca A #020','Prodotto bevande; lotto standard; origine IT/EU',1,418),(91,'Acqua frizzante 1L - Marca B #001','Prodotto bevande; lotto standard; origine IT/EU',1.02,617),(92,'Pasta Fusilli 500g - Marca C #002','Prodotto pasta; lotto standard; origine IT/EU',1.69,27),(93,'Pasta Spaghetti 500g - Marca D #003','Prodotto pasta; lotto standard; origine IT/EU',1.1,661),(94,'Riso Carnaroli 1kg - Marca E #004','Prodotto riso; lotto standard; origine IT/EU',2.97,894),(95,'Biscotti frollini 250g - Marca A #005','Prodotto biscotti; lotto standard; origine IT/EU',2.24,912),(96,'Caffè macinato 250g - Marca B #006','Prodotto caffe; lotto standard; origine IT/EU',3.42,666),(97,'Olio extravergine 1L - Marca C #007','Prodotto olio; lotto standard; origine IT/EU',7.49,508),(98,'Zucchero 1kg - Marca D #008','Prodotto drogheria; lotto standard; origine IT/EU',2.15,21),(99,'Sale fino 1kg - Marca E #009','Prodotto drogheria; lotto standard; origine IT/EU',0.72,43),(100,'Latte UHT 1L - Marca A #010','Prodotto latticini; lotto standard; origine IT/EU',1.99,41),(101,'Tonno in scatola 3x80g - Marca B #191','Prodotto scatolame; lotto standard; origine IT/EU',4.87,173),(102,'Passata di pomodoro 700g - Marca C #192','Prodotto conserve; lotto standard; origine IT/EU',1.33,135),(103,'Detersivo piatti 1L - Marca D #193','Prodotto cura casa; lotto standard; origine IT/EU',1.9,465),(104,'Shampoo 400ml - Marca E #194','Prodotto cura persona; lotto standard; origine IT/EU',3.67,890),(105,'Carta igienica 4 rotoli - Marca A #195','Prodotto carta; lotto standard; origine IT/EU',2.64,700),(106,'Farina 1kg - Marca B #196','Prodotto drogheria; lotto standard; origine IT/EU',1.41,518),(107,'Cioccolato fondente 100g - Marca C #197','Prodotto dolci; lotto standard; origine IT/EU',2.48,200),(108,'Patatine classiche 150g - Marca D #198','Prodotto snack; lotto standard; origine IT/EU',1.75,873),(109,'Marmellata di albicocche 350g - Marca E #199','Prodotto confetture; lotto standard; origine IT/EU',3.42,399),(110,'Acqua naturale 1L - Marca A #200','Prodotto bevande; lotto standard; origine IT/EU',0.6,379),(111,'Acqua frizzante 1L - Marca B #181','Prodotto bevande; lotto standard; origine IT/EU',1.62,236),(112,'Pasta Fusilli 500g - Marca C #182','Prodotto pasta; lotto standard; origine IT/EU',1.29,518),(113,'Pasta Spaghetti 500g - Marca D #183','Prodotto pasta; lotto standard; origine IT/EU',1.7,600),(114,'Riso Carnaroli 1kg - Marca E #184','Prodotto riso; lotto standard; origine IT/EU',2.57,339),(115,'Biscotti frollini 250g - Marca A #185','Prodotto biscotti; lotto standard; origine IT/EU',1.84,837),(116,'Caffè macinato 250g - Marca B #186','Prodotto caffe; lotto standard; origine IT/EU',4.02,831),(117,'Olio extravergine 1L - Marca C #187','Prodotto olio; lotto standard; origine IT/EU',7.09,257),(118,'Zucchero 1kg - Marca D #188','Prodotto drogheria; lotto standard; origine IT/EU',1.75,352),(119,'Sale fino 1kg - Marca E #189','Prodotto drogheria; lotto standard; origine IT/EU',1.32,718),(120,'Latte UHT 1L - Marca A #190','Prodotto latticini; lotto standard; origine IT/EU',1.59,955),(121,'Tonno in scatola 3x80g - Marca B #171','Prodotto scatolame; lotto standard; origine IT/EU',4.47,643),(122,'Passata di pomodoro 700g - Marca C #172','Prodotto conserve; lotto standard; origine IT/EU',1.93,609),(123,'Detersivo piatti 1L - Marca D #173','Prodotto cura casa; lotto standard; origine IT/EU',1.5,311),(124,'Shampoo 400ml - Marca E #174','Prodotto cura persona; lotto standard; origine IT/EU',3.27,756),(125,'Carta igienica 4 rotoli - Marca A #175','Prodotto carta; lotto standard; origine IT/EU',3.24,722),(126,'Farina 1kg - Marca B #176','Prodotto drogheria; lotto standard; origine IT/EU',1.01,720),(127,'Cioccolato fondente 100g - Marca C #177','Prodotto dolci; lotto standard; origine IT/EU',2.08,446),(128,'Patatine classiche 150g - Marca D #178','Prodotto snack; lotto standard; origine IT/EU',2.35,903),(129,'Marmellata di albicocche 350g - Marca E #179','Prodotto confetture; lotto standard; origine IT/EU',3.02,865),(130,'Acqua naturale 1L - Marca A #180','Prodotto bevande; lotto standard; origine IT/EU',1.2,322),(131,'Acqua frizzante 1L - Marca B #161','Prodotto bevande; lotto standard; origine IT/EU',1.22,218),(132,'Pasta Fusilli 500g - Marca C #162','Prodotto pasta; lotto standard; origine IT/EU',1.89,536),(133,'Pasta Spaghetti 500g - Marca D #163','Prodotto pasta; lotto standard; origine IT/EU',1.3,966),(134,'Riso Carnaroli 1kg - Marca E #164','Prodotto riso; lotto standard; origine IT/EU',3.17,485),(135,'Biscotti frollini 250g - Marca A #165','Prodotto biscotti; lotto standard; origine IT/EU',1.44,515),(136,'Caffè macinato 250g - Marca B #166','Prodotto caffe; lotto standard; origine IT/EU',3.62,433),(137,'Olio extravergine 1L - Marca C #167','Prodotto olio; lotto standard; origine IT/EU',7.69,167),(138,'Zucchero 1kg - Marca D #168','Prodotto drogheria; lotto standard; origine IT/EU',1.35,38),(139,'Sale fino 1kg - Marca E #169','Prodotto drogheria; lotto standard; origine IT/EU',0.92,640),(140,'Latte UHT 1L - Marca A #170','Prodotto latticini; lotto standard; origine IT/EU',2.19,309),(141,'Tonno in scatola 3x80g - Marca B #151','Prodotto scatolame; lotto standard; origine IT/EU',5.07,73),(142,'Passata di pomodoro 700g - Marca C #152','Prodotto conserve; lotto standard; origine IT/EU',1.53,979),(143,'Detersivo piatti 1L - Marca D #153','Prodotto cura casa; lotto standard; origine IT/EU',2.1,229),(144,'Shampoo 400ml - Marca E #154','Prodotto cura persona; lotto standard; origine IT/EU',3.87,726),(145,'Carta igienica 4 rotoli - Marca A #155','Prodotto carta; lotto standard; origine IT/EU',2.84,648),(146,'Farina 1kg - Marca B #156','Prodotto drogheria; lotto standard; origine IT/EU',1.61,50),(147,'Cioccolato fondente 100g - Marca C #157','Prodotto dolci; lotto standard; origine IT/EU',1.68,476),(148,'Patatine classiche 150g - Marca D #158','Prodotto snack; lotto standard; origine IT/EU',1.95,381),(149,'Marmellata di albicocche 350g - Marca E #159','Prodotto confetture; lotto standard; origine IT/EU',3.62,443),(150,'Acqua naturale 1L - Marca A #160','Prodotto bevande; lotto standard; origine IT/EU',0.8,100),(151,'Acqua frizzante 1L - Marca B #141','Prodotto bevande; lotto standard; origine IT/EU',0.82,184),(152,'Pasta Fusilli 500g - Marca C #142','Prodotto pasta; lotto standard; origine IT/EU',1.49,618),(153,'Pasta Spaghetti 500g - Marca D #143','Prodotto pasta; lotto standard; origine IT/EU',1.9,476),(154,'Riso Carnaroli 1kg - Marca E #144','Prodotto riso; lotto standard; origine IT/EU',2.77,223),(155,'Biscotti frollini 250g - Marca A #145','Prodotto biscotti; lotto standard; origine IT/EU',2.04,977),(156,'Caffè macinato 250g - Marca B #146','Prodotto caffe; lotto standard; origine IT/EU',3.22,475),(157,'Olio extravergine 1L - Marca C #147','Prodotto olio; lotto standard; origine IT/EU',7.29,789),(158,'Zucchero 1kg - Marca D #148','Prodotto drogheria; lotto standard; origine IT/EU',1.95,692),(159,'Sale fino 1kg - Marca E #149','Prodotto drogheria; lotto standard; origine IT/EU',0.52,738),(160,'Latte UHT 1L - Marca A #150','Prodotto latticini; lotto standard; origine IT/EU',1.79,631),(161,'Tonno in scatola 3x80g - Marca B #131','Prodotto scatolame; lotto standard; origine IT/EU',4.67,159),(162,'Passata di pomodoro 700g - Marca C #132','Prodotto conserve; lotto standard; origine IT/EU',2.13,957),(163,'Detersivo piatti 1L - Marca D #133','Prodotto cura casa; lotto standard; origine IT/EU',1.7,683),(164,'Shampoo 400ml - Marca E #134','Prodotto cura persona; lotto standard; origine IT/EU',3.47,192),(165,'Carta igienica 4 rotoli - Marca A #135','Prodotto carta; lotto standard; origine IT/EU',3.44,254),(166,'Farina 1kg - Marca B #136','Prodotto drogheria; lotto standard; origine IT/EU',1.21,396),(167,'Cioccolato fondente 100g - Marca C #137','Prodotto dolci; lotto standard; origine IT/EU',2.28,26),(168,'Patatine classiche 150g - Marca D #138','Prodotto snack; lotto standard; origine IT/EU',1.55,603),(169,'Marmellata di albicocche 350g - Marca E #139','Prodotto confetture; lotto standard; origine IT/EU',3.22,85),(170,'Acqua naturale 1L - Marca A #140','Prodotto bevande; lotto standard; origine IT/EU',1.4,190),(171,'Acqua frizzante 1L - Marca B #121','Prodotto bevande; lotto standard; origine IT/EU',1.42,798),(172,'Pasta Fusilli 500g - Marca C #122','Prodotto pasta; lotto standard; origine IT/EU',1.09,820),(173,'Pasta Spaghetti 500g - Marca D #123','Prodotto pasta; lotto standard; origine IT/EU',1.5,274),(174,'Riso Carnaroli 1kg - Marca E #124','Prodotto riso; lotto standard; origine IT/EU',3.37,833),(175,'Biscotti frollini 250g - Marca A #125','Prodotto biscotti; lotto standard; origine IT/EU',1.64,959),(176,'Caffè macinato 250g - Marca B #126','Prodotto caffe; lotto standard; origine IT/EU',3.82,197),(177,'Olio extravergine 1L - Marca C #127','Prodotto olio; lotto standard; origine IT/EU',7.89,835),(178,'Zucchero 1kg - Marca D #128','Prodotto drogheria; lotto standard; origine IT/EU',1.55,650),(179,'Sale fino 1kg - Marca E #129','Prodotto drogheria; lotto standard; origine IT/EU',1.12,772),(180,'Latte UHT 1L - Marca A #130','Prodotto latticini; lotto standard; origine IT/EU',1.39,849),(181,'Tonno in scatola 3x80g - Marca B #111','Prodotto scatolame; lotto standard; origine IT/EU',4.27,773),(182,'Passata di pomodoro 700g - Marca C #112','Prodotto conserve; lotto standard; origine IT/EU',1.73,975),(183,'Detersivo piatti 1L - Marca D #113','Prodotto cura casa; lotto standard; origine IT/EU',2.3,25),(184,'Shampoo 400ml - Marca E #114','Prodotto cura persona; lotto standard; origine IT/EU',3.07,554),(185,'Carta igienica 4 rotoli - Marca A #115','Prodotto carta; lotto standard; origine IT/EU',3.04,644),(186,'Farina 1kg - Marca B #116','Prodotto drogheria; lotto standard; origine IT/EU',1.81,726),(187,'Cioccolato fondente 100g - Marca C #117','Prodotto dolci; lotto standard; origine IT/EU',1.88,984),(188,'Patatine classiche 150g - Marca D #118','Prodotto snack; lotto standard; origine IT/EU',2.15,41),(189,'Marmellata di albicocche 350g - Marca E #119','Prodotto confetture; lotto standard; origine IT/EU',2.82,847),(190,'Acqua naturale 1L - Marca A #120','Prodotto bevande; lotto standard; origine IT/EU',1,704),(191,'Acqua frizzante 1L - Marca B #101','Prodotto bevande; lotto standard; origine IT/EU',1.02,948),(192,'Pasta Fusilli 500g - Marca C #102','Prodotto pasta; lotto standard; origine IT/EU',1.69,550),(193,'Pasta Spaghetti 500g - Marca D #103','Prodotto pasta; lotto standard; origine IT/EU',1.1,208),(194,'Riso Carnaroli 1kg - Marca E #104','Prodotto riso; lotto standard; origine IT/EU',2.97,963),(195,'Biscotti frollini 250g - Marca A #105','Prodotto biscotti; lotto standard; origine IT/EU',2.24,885),(196,'Caffè macinato 250g - Marca B #106','Prodotto caffe; lotto standard; origine IT/EU',3.42,239),(197,'Olio extravergine 1L - Marca C #107','Prodotto olio; lotto standard; origine IT/EU',7.49,385),(198,'Zucchero 1kg - Marca D #108','Prodotto drogheria; lotto standard; origine IT/EU',2.15,264),(199,'Sale fino 1kg - Marca E #109','Prodotto drogheria; lotto standard; origine IT/EU',0.72,54),(200,'Latte UHT 1L - Marca A #110','Prodotto latticini; lotto standard; origine IT/EU',1.99,131);
/*!40000 ALTER TABLE `prodotti_magazzino` ENABLE KEYS */;
UNLOCK TABLES;

--
-- Dumping routines for database 'negozio_dataset'
--
/*!40103 SET TIME_ZONE=@OLD_TIME_ZONE */;

/*!40101 SET SQL_MODE=@OLD_SQL_MODE */;
/*!40014 SET FOREIGN_KEY_CHECKS=@OLD_FOREIGN_KEY_CHECKS */;
/*!40014 SET UNIQUE_CHECKS=@OLD_UNIQUE_CHECKS */;
/*!40101 SET CHARACTER_SET_CLIENT=@OLD_CHARACTER_SET_CLIENT */;
/*!40101 SET CHARACTER_SET_RESULTS=@OLD_CHARACTER_SET_RESULTS */;
/*!40101 SET COLLATION_CONNECTION=@OLD_COLLATION_CONNECTION */;
/*!40111 SET SQL_NOTES=@OLD_SQL_NOTES */;

-- Dump completed on 2026-02-06  1:26:31
